IDcliente,GENERO,INGRESOS,ESTADOCIVIL,SEXO,EDAD,ROLLABORAL,GASTOSADMIN,CASADO
1,1,2694,0,1,25,Profesional,"1500,35",FALSE
2,1,1755,1,1,81,Independiente,"1500,35",TRUE
3,1,1635,0,1,54,Independiente,"1500,35",FALSE
4,0,1597,1,0,56,Independiente,"1500,35",TRUE
5,1,1867,1,1,65,Empresario,"1500,35",TRUE
6,1,2401,0,1,76,Independiente,"1500,35",FALSE
7,0,1516,0,0,29,Empleado,"1500,35",FALSE
8,0,2703,0,0,29,Empleado,"1500,35",FALSE
9,0,2228,0,0,28,Profesional,"1500,35",FALSE
10,1,1648,0,1,25,Empresario,"1500,35",FALSE
11,1,1797,0,1,70,Independiente,"1500,35",FALSE
12,1,1555,1,1,38,Independiente,"1500,35",TRUE
13,0,1780,0,0,68,Empleado,"1500,35",FALSE
14,1,1581,1,1,77,Profesional,"1500,35",TRUE
15,1,1600,1,1,58,Profesional,"1500,35",TRUE
16,0,1589,1,0,29,Profesional,"1500,35",TRUE
17,1,4903,0,1,22,Profesional,"1500,35",FALSE
18,1,1505,1,1,73,Profesional,"1500,35",TRUE
19,1,1530,1,1,23,Empleado,"1500,35",TRUE
20,0,1715,0,0,57,Empleado,"1500,35",FALSE
21,0,3654,0,0,32,Empleado,"1500,35",FALSE
22,0,1525,1,0,26,Empresario,"1500,35",TRUE
23,1,3156,1,1,72,Empresario,"1500,35",TRUE
24,1,1510,1,1,57,Empleado,"1500,35",TRUE
25,1,2040,0,1,23,Empleado,"1500,35",FALSE
26,0,1500,1,0,85,Empleado,"1500,35",TRUE
27,1,1689,1,1,32,Profesional,"1500,35",TRUE
28,0,1611,1,0,32,Empresario,"1500,35",TRUE
29,0,1517,1,0,16,Independiente,"1500,35",FALSE
30,1,2071,0,1,82,Independiente,"1500,35",FALSE
31,1,1677,1,1,33,Empleado,"1500,35",TRUE
32,1,2261,0,1,65,Independiente,"1500,35",FALSE
33,1,3816,1,1,75,Profesional,"1500,35",TRUE
34,1,2733,1,1,19,Independiente,"1500,35",TRUE
35,0,3261,1,0,70,Empresario,"1500,35",TRUE
36,0,3738,0,0,33,Independiente,"1500,35",FALSE
37,1,1522,0,1,79,Independiente,"1500,35",FALSE
38,0,3162,0,0,17,Profesional,"1500,35",FALSE
39,0,1574,1,0,30,Independiente,"1500,35",TRUE
40,1,2346,0,1,38,Profesional,"1500,35",FALSE
41,1,2029,0,1,58,Independiente,"1500,35",FALSE
42,1,2714,0,1,66,Empresario,"1500,35",FALSE
43,1,1604,1,1,35,Empleado,"1500,35",TRUE
44,0,1617,1,0,76,Empleado,"1500,35",TRUE
45,0,1751,0,0,56,Empresario,"1500,35",FALSE
46,0,1551,0,0,20,Independiente,"1500,35",FALSE
47,0,2574,0,0,21,Independiente,"1500,35",FALSE
48,0,2488,0,0,54,Profesional,"1500,35",FALSE
49,0,1948,0,0,21,Empleado,"1500,35",FALSE
50,1,1685,1,1,41,Empresario,"1500,35",TRUE
51,1,2151,0,1,33,Empresario,"1500,35",FALSE
52,1,1534,1,1,57,Empleado,"1500,35",TRUE
53,1,1764,1,1,85,Independiente,"1500,35",TRUE
54,1,2439,1,1,50,Profesional,"1500,35",TRUE
55,0,1509,0,0,56,Empleado,"1500,35",FALSE
56,0,1529,0,0,18,Empresario,"1500,35",FALSE
57,1,2496,1,1,40,Independiente,"1500,35",TRUE
58,0,1637,1,0,75,Empleado,"1500,35",TRUE
59,0,3294,0,0,52,Empresario,"1500,35",FALSE
60,1,1505,1,1,48,Empleado,"1500,35",TRUE
61,1,1530,1,1,22,Empleado,"1500,35",TRUE
62,0,2996,0,0,40,Independiente,"1500,35",FALSE
63,1,1529,0,1,34,Empleado,"1500,35",FALSE
64,0,2242,1,0,18,Independiente,"1500,35",TRUE
65,1,1569,1,1,63,Empresario,"1500,35",TRUE
66,1,1502,1,1,61,Independiente,"1500,35",TRUE
67,1,4263,0,1,75,Empleado,"1500,35",FALSE
68,1,4198,0,1,29,Independiente,"1500,35",FALSE
69,1,3644,0,1,31,Profesional,"1500,35",FALSE
70,0,5222,1,0,49,Profesional,"1500,35",TRUE
71,0,1985,1,0,61,Profesional,"1500,35",TRUE
72,0,3567,1,0,28,Empresario,"1500,35",TRUE
73,1,2364,1,1,36,Profesional,"1500,35",TRUE
74,1,1662,1,1,59,Independiente,"1500,35",TRUE
75,0,1515,0,0,72,Empresario,"1500,35",FALSE
76,1,1606,0,1,50,Profesional,"1500,35",FALSE
77,0,1563,1,0,26,Profesional,"1500,35",TRUE
78,0,1544,0,0,39,Empresario,"1500,35",FALSE
79,1,1522,0,1,74,Profesional,"1500,35",FALSE
80,0,1955,0,0,32,Empresario,"1500,35",FALSE
81,0,1501,0,0,23,Empresario,"1500,35",FALSE
82,1,2468,0,1,65,Profesional,"1500,35",FALSE
83,1,1503,0,1,83,Empresario,"1500,35",FALSE
84,1,1667,0,1,65,Empresario,"1500,35",FALSE
85,1,2350,0,1,62,Empleado,"1500,35",FALSE
86,1,2083,1,1,35,Profesional,"1500,35",TRUE
87,0,1540,1,0,81,Profesional,"1500,35",TRUE
88,0,1696,0,0,85,Empresario,"1500,35",FALSE
89,0,1730,0,0,77,Empresario,"1500,35",FALSE
90,1,1513,0,1,38,Empresario,"1500,35",FALSE
91,1,1526,1,1,65,Independiente,"1500,35",TRUE
92,1,1610,1,1,80,Profesional,"1500,35",TRUE
93,1,1689,0,1,16,Empleado,"1500,35",FALSE
94,1,2109,0,1,16,Independiente,"1500,35",FALSE
95,1,2246,0,1,28,Independiente,"1500,35",FALSE
96,1,4036,0,1,53,Empleado,"1500,35",FALSE
97,0,1533,0,0,59,Empleado,"1500,35",FALSE
98,0,2198,0,0,77,Empresario,"1500,35",FALSE
99,1,2870,0,1,47,Independiente,"1500,35",FALSE
100,0,1936,0,0,35,Empleado,"1500,35",FALSE
101,0,2020,1,0,75,Empleado,"1500,35",TRUE
102,0,3120,1,0,33,Empresario,"1500,35",TRUE
103,0,1807,1,0,76,Profesional,"1500,35",TRUE
104,1,1520,0,1,60,Empresario,"1500,35",FALSE
105,1,2464,0,1,40,Empresario,"1500,35",FALSE
106,0,1517,0,0,17,Independiente,"1500,35",FALSE
107,1,1720,0,1,19,Independiente,"1500,35",FALSE
108,1,2079,0,1,71,Empleado,"1500,35",FALSE
109,0,1971,0,0,76,Empleado,"1500,35",FALSE
110,1,2386,1,1,84,Empresario,"1500,35",TRUE
111,0,1688,1,0,78,Profesional,"1500,35",TRUE
112,1,1500,0,1,72,Profesional,"1500,35",FALSE
113,1,1503,0,1,82,Profesional,"1500,35",FALSE
114,0,4315,0,0,58,Profesional,"1500,35",FALSE
115,0,1913,0,0,52,Independiente,"1500,35",FALSE
116,0,2146,0,0,60,Profesional,"1500,35",FALSE
117,0,1737,0,0,31,Empresario,"1500,35",FALSE
118,0,2085,0,0,40,Empleado,"1500,35",FALSE
119,0,2101,0,0,20,Empresario,"1500,35",FALSE
120,1,2046,1,1,38,Profesional,"1500,35",TRUE
121,1,2892,0,1,38,Profesional,"1500,35",FALSE
122,1,1594,1,1,59,Empresario,"1500,35",TRUE
123,0,4053,1,0,64,Empleado,"1500,35",TRUE
124,0,2318,0,0,63,Profesional,"1500,35",FALSE
125,0,1501,0,0,40,Independiente,"1500,35",FALSE
126,1,2224,0,1,43,Profesional,"1500,35",FALSE
127,0,1673,0,0,77,Empresario,"1500,35",FALSE
128,0,1632,1,0,39,Independiente,"1500,35",TRUE
129,1,1501,0,1,47,Empleado,"1500,35",FALSE
130,1,1863,1,1,34,Independiente,"1500,35",TRUE
131,0,1896,1,0,65,Profesional,"1500,35",TRUE
132,0,1881,0,0,72,Empresario,"1500,35",FALSE
133,1,5183,1,1,44,Independiente,"1500,35",TRUE
134,1,2851,0,1,16,Empleado,"1500,35",FALSE
135,0,2253,0,0,39,Profesional,"1500,35",FALSE
136,1,2079,0,1,82,Profesional,"1500,35",FALSE
137,0,1804,0,0,56,Empleado,"1500,35",FALSE
138,0,2133,1,0,23,Empresario,"1500,35",TRUE
139,1,1540,1,1,38,Independiente,"1500,35",TRUE
140,1,2088,1,1,39,Empleado,"1500,35",TRUE
141,0,2377,1,0,19,Empleado,"1500,35",TRUE
142,0,3130,0,0,53,Independiente,"1500,35",FALSE
143,0,2165,0,0,74,Empresario,"1500,35",FALSE
144,1,2765,0,1,73,Independiente,"1500,35",FALSE
145,1,2359,0,1,85,Independiente,"1500,35",FALSE
146,1,1507,1,1,61,Empleado,"1500,35",TRUE
147,1,1507,0,1,62,Empresario,"1500,35",FALSE
148,1,1667,1,1,76,Empresario,"1500,35",TRUE
149,0,3807,1,0,81,Empresario,"1500,35",TRUE
150,0,1620,0,0,28,Empresario,"1500,35",FALSE
151,1,2380,0,1,69,Profesional,"1500,35",FALSE
152,0,1760,1,0,76,Independiente,"1500,35",TRUE
153,1,1659,0,1,16,Profesional,"1500,35",FALSE
154,0,1678,1,0,49,Empleado,"1500,35",TRUE
155,0,1516,1,0,70,Empresario,"1500,35",TRUE
156,1,1783,0,1,16,Independiente,"1500,35",FALSE
157,1,1863,1,1,55,Independiente,"1500,35",TRUE
158,1,1565,0,1,62,Independiente,"1500,35",FALSE
159,0,4176,0,0,24,Empresario,"1500,35",FALSE
160,1,2168,0,1,71,Empleado,"1500,35",FALSE
161,0,1517,0,0,37,Profesional,"1500,35",FALSE
162,0,1617,0,0,27,Profesional,"1500,35",FALSE
163,0,1876,0,0,39,Independiente,"1500,35",FALSE
164,0,1888,1,0,71,Empleado,"1500,35",TRUE
165,1,2031,0,1,38,Empresario,"1500,35",FALSE
166,0,4948,1,0,24,Profesional,"1500,35",TRUE
167,0,1514,0,0,51,Independiente,"1500,35",FALSE
168,1,3012,1,1,18,Empresario,"1500,35",TRUE
169,1,3142,0,1,22,Independiente,"1500,35",FALSE
170,0,1574,1,0,65,Independiente,"1500,35",TRUE
171,0,1573,1,0,64,Profesional,"1500,35",TRUE
172,0,1590,0,0,72,Profesional,"1500,35",FALSE
173,1,1500,1,1,53,Independiente,"1500,35",TRUE
174,1,2941,1,1,64,Empresario,"1500,35",TRUE
175,1,4087,0,1,18,Empleado,"1500,35",FALSE
176,1,7058,0,1,68,Independiente,"1500,35",FALSE
177,0,2017,1,0,31,Empresario,"1500,35",TRUE
178,0,1577,1,0,42,Empresario,"1500,35",TRUE
179,1,1535,0,1,53,Independiente,"1500,35",FALSE
180,1,1629,0,1,20,Profesional,"1500,35",FALSE
181,1,2766,0,1,53,Independiente,"1500,35",FALSE
182,1,2176,0,1,77,Profesional,"1500,35",FALSE
183,0,2220,1,0,62,Independiente,"1500,35",TRUE
184,0,1549,1,0,78,Profesional,"1500,35",TRUE
185,1,1584,0,1,54,Empleado,"1500,35",FALSE
186,0,1681,0,0,53,Empresario,"1500,35",FALSE
187,0,1758,0,0,63,Profesional,"1500,35",FALSE
188,0,1537,1,0,73,Empleado,"1500,35",TRUE
189,1,1554,0,1,62,Independiente,"1500,35",FALSE
190,1,2787,1,1,35,Empleado,"1500,35",TRUE
191,0,1888,1,0,41,Independiente,"1500,35",TRUE
192,1,1728,0,1,79,Independiente,"1500,35",FALSE
193,0,3039,1,0,67,Profesional,"1500,35",TRUE
194,1,1551,0,1,78,Empleado,"1500,35",FALSE
195,0,1623,1,0,70,Profesional,"1500,35",TRUE
196,1,2422,0,1,39,Profesional,"1500,35",FALSE
197,1,1529,1,1,29,Profesional,"1500,35",TRUE
198,1,2460,0,1,38,Independiente,"1500,35",FALSE
199,0,1740,0,0,80,Empleado,"1500,35",FALSE
200,0,1577,1,0,54,Empleado,"1500,35",TRUE
201,1,1831,0,1,25,Empleado,"1500,35",FALSE
202,0,1647,1,0,46,Empresario,"1500,35",TRUE
203,1,1769,0,1,40,Profesional,"1500,35",FALSE
204,1,1635,1,1,48,Independiente,"1500,35",TRUE
205,1,1591,0,1,51,Independiente,"1500,35",FALSE
206,0,1500,0,0,56,Independiente,"1500,35",FALSE
207,1,1507,1,1,57,Profesional,"1500,35",TRUE
208,1,1543,0,1,43,Empleado,"1500,35",FALSE
209,1,1540,1,1,55,Empresario,"1500,35",TRUE
210,0,1777,1,0,46,Profesional,"1500,35",TRUE
211,1,1878,0,1,69,Empresario,"1500,35",FALSE
212,0,1773,0,0,16,Independiente,"1500,35",FALSE
213,1,1694,0,1,47,Empresario,"1500,35",FALSE
214,0,2516,1,0,25,Empresario,"1500,35",TRUE
215,0,1995,1,0,39,Independiente,"1500,35",TRUE
216,0,1529,0,0,19,Empresario,"1500,35",FALSE
217,1,2650,0,1,32,Independiente,"1500,35",FALSE
218,1,1912,0,1,55,Independiente,"1500,35",FALSE
219,0,4330,0,0,80,Empresario,"1500,35",FALSE
220,0,2063,1,0,70,Independiente,"1500,35",TRUE
221,1,1518,0,1,62,Independiente,"1500,35",FALSE
222,0,1574,0,0,41,Empleado,"1500,35",FALSE
223,1,2485,1,1,40,Empleado,"1500,35",TRUE
224,1,4123,0,1,63,Profesional,"1500,35",FALSE
225,0,1918,1,0,61,Profesional,"1500,35",TRUE
226,1,1632,0,1,72,Profesional,"1500,35",FALSE
227,0,1567,1,0,70,Empleado,"1500,35",TRUE
228,1,1895,0,1,21,Profesional,"1500,35",FALSE
229,1,2377,1,1,30,Empresario,"1500,35",TRUE
230,0,1757,1,0,27,Empleado,"1500,35",TRUE
231,0,1501,0,0,72,Profesional,"1500,35",FALSE
232,1,2399,0,1,46,Empleado,"1500,35",FALSE
233,0,1507,1,0,24,Empresario,"1500,35",TRUE
234,1,1612,1,1,23,Empleado,"1500,35",TRUE
235,0,1827,1,0,33,Independiente,"1500,35",TRUE
236,1,1568,0,1,75,Empresario,"1500,35",FALSE
237,0,2359,1,0,32,Empresario,"1500,35",TRUE
238,1,1541,1,1,84,Empleado,"1500,35",TRUE
239,1,1785,0,1,78,Empresario,"1500,35",FALSE
240,1,1617,0,1,31,Profesional,"1500,35",FALSE
241,0,3895,1,0,25,Independiente,"1500,35",TRUE
242,1,5506,1,1,44,Empleado,"1500,35",TRUE
243,1,1516,1,1,47,Empleado,"1500,35",TRUE
244,1,1507,1,1,46,Empresario,"1500,35",TRUE
245,0,1500,1,0,64,Empleado,"1500,35",TRUE
246,0,2303,1,0,65,Empleado,"1500,35",TRUE
247,1,1773,1,1,74,Independiente,"1500,35",TRUE
248,0,1964,0,0,24,Independiente,"1500,35",FALSE
249,0,1656,1,0,39,Empleado,"1500,35",TRUE
250,1,1510,0,1,47,Profesional,"1500,35",FALSE
251,1,2456,1,1,20,Empleado,"1500,35",TRUE
252,1,3043,1,1,78,Empresario,"1500,35",TRUE
253,1,3549,1,1,38,Empresario,"1500,35",TRUE
254,0,1564,0,0,59,Profesional,"1500,35",FALSE
255,1,1534,0,1,16,Empresario,"1500,35",FALSE
256,1,1780,1,1,29,Independiente,"1500,35",TRUE
257,1,2996,1,1,51,Empresario,"1500,35",TRUE
258,1,1838,0,1,65,Empresario,"1500,35",FALSE
259,0,1577,0,0,16,Empleado,"1500,35",FALSE
260,0,3230,1,0,50,Profesional,"1500,35",TRUE
261,1,1506,0,1,57,Empleado,"1500,35",FALSE
262,1,3176,1,1,71,Empleado,"1500,35",TRUE
263,0,1998,1,0,41,Empleado,"1500,35",TRUE
264,0,1708,1,0,50,Independiente,"1500,35",TRUE
265,0,1636,0,0,54,Empresario,"1500,35",FALSE
266,1,2296,0,1,45,Profesional,"1500,35",FALSE
267,0,2729,1,0,38,Empleado,"1500,35",TRUE
268,0,3206,0,0,38,Empresario,"1500,35",FALSE
269,1,1666,0,1,80,Profesional,"1500,35",FALSE
270,0,1507,0,0,49,Independiente,"1500,35",FALSE
271,1,4199,0,1,32,Profesional,"1500,35",FALSE
272,1,1531,0,1,29,Independiente,"1500,35",FALSE
273,0,1523,0,0,34,Independiente,"1500,35",FALSE
274,1,7414,0,1,42,Empleado,"1500,35",FALSE
275,0,1564,0,0,81,Empleado,"1500,35",FALSE
276,1,1542,1,1,30,Profesional,"1500,35",TRUE
277,0,1711,0,0,50,Profesional,"1500,35",FALSE
278,1,1502,0,1,22,Empresario,"1500,35",FALSE
279,0,1506,0,0,65,Empleado,"1500,35",FALSE
280,1,1636,1,1,56,Empresario,"1500,35",TRUE
281,1,2706,0,1,18,Empleado,"1500,35",FALSE
282,1,1545,1,1,24,Profesional,"1500,35",TRUE
283,1,2367,0,1,16,Empleado,"1500,35",FALSE
284,0,2888,1,0,38,Independiente,"1500,35",TRUE
285,1,2984,1,1,73,Profesional,"1500,35",TRUE
286,0,1503,1,0,57,Independiente,"1500,35",TRUE
287,0,3205,0,0,25,Independiente,"1500,35",FALSE
288,0,1505,0,0,18,Independiente,"1500,35",FALSE
289,1,1632,0,1,57,Profesional,"1500,35",FALSE
290,0,1582,1,0,52,Profesional,"1500,35",TRUE
291,1,1700,1,1,81,Independiente,"1500,35",TRUE
292,0,1592,1,0,66,Empleado,"1500,35",TRUE
293,1,1560,0,1,80,Empleado,"1500,35",FALSE
294,0,1509,0,0,33,Empleado,"1500,35",FALSE
295,0,1796,0,0,42,Profesional,"1500,35",FALSE
296,0,2565,1,0,66,Profesional,"1500,35",TRUE
297,1,1597,1,1,81,Independiente,"1500,35",TRUE
298,1,2290,0,1,29,Empresario,"1500,35",FALSE
299,0,2116,0,0,64,Empresario,"1500,35",FALSE
300,0,1518,0,0,37,Independiente,"1500,35",FALSE
301,0,4532,0,0,48,Profesional,"1500,35",FALSE
302,0,3427,0,0,77,Independiente,"1500,35",FALSE
303,1,1567,1,1,64,Empresario,"1500,35",TRUE
304,1,2232,1,1,85,Profesional,"1500,35",TRUE
305,0,1676,0,0,25,Empleado,"1500,35",FALSE
306,1,1899,0,1,45,Empleado,"1500,35",FALSE
307,0,1500,1,0,79,Empleado,"1500,35",TRUE
308,1,1500,0,1,79,Independiente,"1500,35",FALSE
309,0,1510,0,0,40,Empleado,"1500,35",FALSE
310,1,1913,0,1,50,Profesional,"1500,35",FALSE
311,0,2088,0,0,48,Independiente,"1500,35",FALSE
312,1,1663,1,1,33,Independiente,"1500,35",TRUE
313,0,2792,0,0,50,Empresario,"1500,35",FALSE
314,0,3667,0,0,53,Independiente,"1500,35",FALSE
315,1,1500,0,1,57,Profesional,"1500,35",FALSE
316,1,1637,0,1,20,Profesional,"1500,35",FALSE
317,1,1506,1,1,22,Empleado,"1500,35",TRUE
318,0,1771,1,0,28,Profesional,"1500,35",TRUE
319,1,1568,0,1,17,Empleado,"1500,35",FALSE
320,0,2385,1,0,60,Empresario,"1500,35",TRUE
321,1,2127,0,1,31,Profesional,"1500,35",FALSE
322,0,1567,1,0,70,Empresario,"1500,35",TRUE
323,1,1832,0,1,74,Empresario,"1500,35",FALSE
324,1,1756,1,1,73,Empleado,"1500,35",TRUE
325,1,2787,0,1,32,Profesional,"1500,35",FALSE
326,1,2199,1,1,82,Independiente,"1500,35",TRUE
327,0,3084,1,0,30,Independiente,"1500,35",TRUE
328,0,2169,1,0,82,Profesional,"1500,35",TRUE
329,0,1891,1,0,75,Empresario,"1500,35",TRUE
330,0,1635,1,0,59,Empresario,"1500,35",TRUE
331,1,1808,0,1,39,Independiente,"1500,35",FALSE
332,1,1957,1,1,63,Independiente,"1500,35",TRUE
333,0,2627,1,0,31,Profesional,"1500,35",TRUE
334,1,2420,0,1,65,Profesional,"1500,35",FALSE
335,1,1611,0,1,46,Empresario,"1500,35",FALSE
336,0,1664,1,0,76,Independiente,"1500,35",TRUE
337,1,3123,1,1,74,Independiente,"1500,35",TRUE
338,0,1501,0,0,80,Independiente,"1500,35",FALSE
339,1,1520,0,1,44,Profesional,"1500,35",FALSE
340,1,1683,1,1,60,Independiente,"1500,35",TRUE
341,0,2156,0,0,72,Independiente,"1500,35",FALSE
342,0,1501,1,0,66,Empresario,"1500,35",TRUE
343,0,1646,1,0,52,Empresario,"1500,35",TRUE
344,0,2464,0,0,84,Empleado,"1500,35",FALSE
345,0,3340,0,0,62,Profesional,"1500,35",FALSE
346,1,7828,1,1,74,Profesional,"1500,35",TRUE
347,0,2636,1,0,27,Profesional,"1500,35",TRUE
348,0,1713,1,0,21,Independiente,"1500,35",TRUE
349,0,1661,1,0,47,Empresario,"1500,35",TRUE
350,1,2093,0,1,56,Profesional,"1500,35",FALSE
351,1,1647,0,1,50,Empleado,"1500,35",FALSE
352,0,1958,0,0,17,Independiente,"1500,35",FALSE
353,0,2172,1,0,66,Empleado,"1500,35",TRUE
354,0,2018,0,0,43,Empleado,"1500,35",FALSE
355,0,1967,1,0,53,Independiente,"1500,35",TRUE
356,1,6943,0,1,61,Empleado,"1500,35",FALSE
357,1,1892,1,1,76,Profesional,"1500,35",TRUE
358,1,2485,1,1,24,Empleado,"1500,35",TRUE
359,1,1716,1,1,73,Independiente,"1500,35",TRUE
360,1,1764,1,1,63,Empleado,"1500,35",TRUE
361,0,1558,0,0,27,Profesional,"1500,35",FALSE
362,0,1569,0,0,78,Independiente,"1500,35",FALSE
363,0,1550,1,0,25,Empresario,"1500,35",TRUE
364,1,1794,0,1,26,Empleado,"1500,35",FALSE
365,0,1558,1,0,78,Independiente,"1500,35",TRUE
366,1,1918,1,1,33,Empresario,"1500,35",TRUE
367,0,1582,0,0,42,Profesional,"1500,35",FALSE
368,0,2998,0,0,37,Profesional,"1500,35",FALSE
369,0,2091,0,0,48,Empleado,"1500,35",FALSE
370,1,3363,0,1,53,Independiente,"1500,35",FALSE
371,0,1603,0,0,61,Independiente,"1500,35",FALSE
372,0,1568,1,0,40,Profesional,"1500,35",TRUE
373,0,1526,0,0,17,Independiente,"1500,35",FALSE
374,0,1517,0,0,56,Empleado,"1500,35",FALSE
375,0,2130,0,0,17,Empresario,"1500,35",FALSE
376,1,1506,0,1,25,Profesional,"1500,35",FALSE
377,1,1746,1,1,62,Empleado,"1500,35",TRUE
378,0,1677,0,0,43,Profesional,"1500,35",FALSE
379,0,3558,1,0,22,Profesional,"1500,35",TRUE
380,0,1853,0,0,58,Empresario,"1500,35",FALSE
381,0,1702,1,0,55,Independiente,"1500,35",TRUE
382,1,2868,0,1,61,Empleado,"1500,35",FALSE
383,0,1527,1,0,31,Profesional,"1500,35",TRUE
384,0,2706,0,0,79,Profesional,"1500,35",FALSE
385,1,2001,0,1,51,Independiente,"1500,35",FALSE
386,1,1537,1,1,63,Empleado,"1500,35",TRUE
387,0,2283,1,0,53,Independiente,"1500,35",TRUE
388,0,1562,0,0,29,Empresario,"1500,35",FALSE
389,1,1533,0,1,81,Independiente,"1500,35",FALSE
390,0,1763,0,0,63,Empleado,"1500,35",FALSE
391,0,1537,1,0,23,Profesional,"1500,35",TRUE
392,1,1714,0,1,47,Profesional,"1500,35",FALSE
393,1,1519,0,1,18,Independiente,"1500,35",FALSE
394,0,2000,0,0,30,Profesional,"1500,35",FALSE
395,0,1508,0,0,68,Empresario,"1500,35",FALSE
396,1,2196,1,1,71,Empleado,"1500,35",TRUE
397,0,1500,0,0,58,Independiente,"1500,35",FALSE
398,1,2003,1,1,53,Profesional,"1500,35",TRUE
399,1,1500,1,1,53,Empresario,"1500,35",TRUE
400,0,1710,1,0,78,Profesional,"1500,35",TRUE
401,0,1501,0,0,33,Empleado,"1500,35",FALSE
402,0,1970,1,0,25,Empleado,"1500,35",TRUE
403,1,2130,1,1,69,Independiente,"1500,35",TRUE
404,0,2873,0,0,29,Independiente,"1500,35",FALSE
405,1,1584,1,1,19,Empleado,"1500,35",TRUE
406,0,1665,1,0,31,Profesional,"1500,35",TRUE
407,0,2270,0,0,33,Empleado,"1500,35",FALSE
408,0,3718,0,0,33,Independiente,"1500,35",FALSE
409,1,1523,1,1,58,Profesional,"1500,35",TRUE
410,0,1527,0,0,17,Empresario,"1500,35",FALSE
411,1,2737,1,1,80,Profesional,"1500,35",TRUE
412,1,3100,1,1,72,Empleado,"1500,35",TRUE
413,0,2642,0,0,16,Empresario,"1500,35",FALSE
414,0,1870,0,0,21,Profesional,"1500,35",FALSE
415,1,1500,0,1,73,Independiente,"1500,35",FALSE
416,0,2276,1,0,31,Empleado,"1500,35",TRUE
417,0,1505,0,0,48,Empleado,"1500,35",FALSE
418,0,2339,0,0,57,Profesional,"1500,35",FALSE
419,1,2234,1,1,49,Empresario,"1500,35",TRUE
420,1,2347,1,1,42,Profesional,"1500,35",TRUE
421,0,2192,1,0,27,Profesional,"1500,35",TRUE
422,1,1891,1,1,68,Profesional,"1500,35",TRUE
423,0,1634,1,0,62,,"1500,35",TRUE
424,0,2296,1,0,57,Independiente,"1500,35",TRUE
425,0,2662,0,0,58,Independiente,"1500,35",FALSE
426,0,1630,0,0,74,Independiente,"1500,35",FALSE
427,1,1504,0,1,55,Independiente,"1500,35",FALSE
428,1,1511,0,1,33,Empresario,"1500,35",FALSE
429,1,2265,0,1,71,Empleado,"1500,35",FALSE
430,1,1872,1,1,80,Independiente,"1500,35",TRUE
431,1,1520,0,1,78,Empleado,"1500,35",FALSE
432,0,4726,1,0,33,Empresario,"1500,35",TRUE
433,0,1658,1,0,29,Profesional,"1500,35",TRUE
434,1,1583,1,1,42,Independiente,"1500,35",TRUE
435,0,1522,0,0,17,Independiente,"1500,35",FALSE
436,1,1537,0,1,52,Empresario,"1500,35",FALSE
437,1,3242,1,1,27,Empresario,"1500,35",TRUE
438,1,1506,0,1,45,Independiente,"1500,35",FALSE
439,1,1503,1,1,72,Empleado,"1500,35",TRUE
440,0,2512,1,0,42,Empresario,"1500,35",TRUE
441,0,1858,0,0,43,Empleado,"1500,35",FALSE
442,1,4661,0,1,17,Profesional,"1500,35",FALSE
443,0,1510,1,0,79,Empleado,"1500,35",TRUE
444,0,4027,0,0,69,Independiente,"1500,35",FALSE
445,1,1667,0,1,19,Independiente,"1500,35",FALSE
446,1,1747,1,1,24,Profesional,"1500,35",TRUE
447,0,3238,1,0,28,Profesional,"1500,35",TRUE
448,0,1625,0,0,67,Independiente,"1500,35",FALSE
449,0,1633,1,0,64,Independiente,"1500,35",TRUE
450,1,1799,0,1,82,Independiente,"1500,35",FALSE
451,0,1675,1,0,31,Independiente,"1500,35",TRUE
452,1,3541,0,1,75,Profesional,"1500,35",FALSE
453,1,1921,1,1,50,Independiente,"1500,35",TRUE
454,0,1841,1,0,31,Empleado,"1500,35",TRUE
455,0,4945,0,0,25,Profesional,"1500,35",FALSE
456,0,1500,1,0,23,Independiente,"1500,35",TRUE
457,1,1856,0,1,74,Independiente,"1500,35",FALSE
458,1,2928,0,1,63,Empresario,"1500,35",FALSE
459,1,1690,1,1,40,Empresario,"1500,35",TRUE
460,1,2629,1,1,64,Profesional,"1500,35",TRUE
461,1,1634,1,1,59,Profesional,"1500,35",TRUE
462,1,1675,0,1,44,Independiente,"1500,35",FALSE
463,1,1583,1,1,38,Profesional,"1500,35",TRUE
464,1,1758,1,1,69,Empresario,"1500,35",TRUE
465,0,2066,1,0,42,Independiente,"1500,35",TRUE
466,1,2009,0,1,83,Empleado,"1500,35",FALSE
467,1,1643,0,1,57,Independiente,"1500,35",FALSE
468,0,1501,0,0,21,Empresario,"1500,35",FALSE
469,1,1504,0,1,57,Profesional,"1500,35",FALSE
470,1,2664,0,1,55,Empresario,"1500,35",FALSE
471,1,1524,1,1,47,Empresario,"1500,35",TRUE
472,0,2133,0,0,46,Independiente,"1500,35",FALSE
473,0,3435,1,0,30,Independiente,"1500,35",TRUE
474,0,1563,1,0,44,Empresario,"1500,35",TRUE
475,1,2366,0,1,63,Independiente,"1500,35",FALSE
476,1,1940,1,1,75,Empresario,"1500,35",TRUE
477,0,1832,0,0,16,Independiente,"1500,35",FALSE
478,0,2031,1,0,26,Empresario,"1500,35",TRUE
479,0,1504,1,0,18,Profesional,"1500,35",TRUE
480,0,5391,0,0,42,Independiente,"1500,35",FALSE
481,1,2475,0,1,36,Empresario,"1500,35",FALSE
482,1,1702,1,1,78,Profesional,"1500,35",TRUE
483,1,2113,1,1,56,Independiente,"1500,35",TRUE
484,0,1522,1,0,74,Empleado,"1500,35",TRUE
485,0,3000,0,0,26,Empresario,"1500,35",FALSE
486,1,1676,0,1,69,Empresario,"1500,35",FALSE
487,0,1553,0,0,35,Independiente,"1500,35",FALSE
488,1,1577,0,1,67,Empleado,"1500,35",FALSE
489,1,1647,0,1,69,Independiente,"1500,35",FALSE
490,1,2296,1,1,44,Empleado,"1500,35",TRUE
491,1,1514,1,1,67,Empresario,"1500,35",TRUE
492,1,1971,1,1,18,Empresario,"1500,35",TRUE
493,0,1919,1,0,29,Empleado,"1500,35",TRUE
494,0,1527,0,0,74,Independiente,"1500,35",FALSE
495,1,1871,0,1,39,Empresario,"1500,35",FALSE
496,0,1759,0,0,39,Profesional,"1500,35",FALSE
497,1,1526,0,1,25,Empleado,"1500,35",FALSE
498,1,1535,1,1,45,Profesional,"1500,35",TRUE
499,1,1562,0,1,46,Empresario,"1500,35",FALSE
500,0,1946,1,0,49,Empresario,"1500,35",TRUE
501,0,3829,0,0,65,Empresario,"1500,35",FALSE
502,0,1583,0,0,52,Independiente,"1500,35",FALSE
503,0,1504,0,0,58,Independiente,"1500,35",FALSE
504,1,1528,1,1,24,Empresario,"1500,35",TRUE
505,1,3164,0,1,59,Profesional,"1500,35",FALSE
506,1,1725,1,1,70,Independiente,"1500,35",TRUE
507,0,1543,1,0,24,Empresario,"1500,35",TRUE
508,0,1532,1,0,52,Empresario,"1500,35",TRUE
509,1,2318,0,1,54,Empleado,"1500,35",FALSE
510,0,2132,0,0,82,Independiente,"1500,35",FALSE
511,0,1840,0,0,30,Empleado,"1500,35",FALSE
512,0,1500,1,0,35,Profesional,"1500,35",TRUE
513,0,3613,0,0,68,Empleado,"1500,35",FALSE
514,0,1765,0,0,17,Profesional,"1500,35",FALSE
515,0,1708,1,0,38,Independiente,"1500,35",TRUE
516,1,1680,1,1,73,Independiente,"1500,35",TRUE
517,1,1529,0,1,26,Empresario,"1500,35",FALSE
518,0,2984,1,0,42,Empleado,"1500,35",TRUE
519,0,1600,0,0,42,Empresario,"1500,35",FALSE
520,0,1522,0,0,24,Profesional,"1500,35",FALSE
521,1,1840,0,1,46,Profesional,"1500,35",FALSE
522,0,1858,1,0,25,Empresario,"1500,35",TRUE
523,1,1514,0,1,26,Profesional,"1500,35",FALSE
524,0,3199,0,0,17,Independiente,"1500,35",FALSE
525,0,1501,0,0,79,Empresario,"1500,35",FALSE
526,1,2221,1,1,54,Empresario,"1500,35",TRUE
527,0,1742,0,0,37,Empleado,"1500,35",FALSE
528,1,1502,1,1,48,Independiente,"1500,35",TRUE
529,0,1928,0,0,47,Empleado,"1500,35",FALSE
530,0,4249,1,0,74,Empleado,"1500,35",TRUE
531,1,1658,1,1,33,Independiente,"1500,35",TRUE
532,1,1831,0,1,46,Independiente,"1500,35",FALSE
533,1,1791,1,1,63,Independiente,"1500,35",TRUE
534,1,1774,0,1,69,Empleado,"1500,35",FALSE
535,0,1670,1,0,78,Empresario,"1500,35",TRUE
536,0,1936,0,0,52,Empleado,"1500,35",FALSE
537,1,1565,1,1,38,Profesional,"1500,35",TRUE
538,1,5626,0,1,44,Independiente,"1500,35",FALSE
539,1,1761,0,1,38,Profesional,"1500,35",FALSE
540,0,1507,1,0,23,Independiente,"1500,35",TRUE
541,1,3301,0,1,47,Empleado,"1500,35",FALSE
542,1,2283,0,1,58,Empresario,"1500,35",FALSE
543,0,1597,0,0,54,Profesional,"1500,35",FALSE
544,1,2207,0,1,59,Empleado,"1500,35",FALSE
545,0,1975,1,0,41,Profesional,"1500,35",TRUE
546,0,2325,0,0,56,Independiente,"1500,35",FALSE
547,0,2937,1,0,27,Empresario,"1500,35",TRUE
548,0,1946,1,0,66,Independiente,"1500,35",TRUE
549,0,1504,0,0,25,Empleado,"1500,35",FALSE
550,1,3515,1,1,29,Empresario,"1500,35",TRUE
551,0,1503,0,0,54,Empleado,"1500,35",FALSE
552,0,1626,0,0,51,Profesional,"1500,35",FALSE
553,0,1548,1,0,43,Profesional,"1500,35",TRUE
554,1,1636,0,1,51,Empresario,"1500,35",FALSE
555,1,2410,1,1,85,Empleado,"1500,35",TRUE
556,0,2048,0,0,19,Independiente,"1500,35",FALSE
557,0,1522,0,0,38,Empleado,"1500,35",FALSE
558,1,1680,1,1,42,Independiente,"1500,35",TRUE
559,1,1947,1,1,56,Independiente,"1500,35",TRUE
560,1,1825,0,1,37,Empresario,"1500,35",FALSE
561,0,4948,1,0,77,Independiente,"1500,35",TRUE
562,1,1604,1,1,51,Empresario,"1500,35",TRUE
563,0,1986,0,0,31,Independiente,"1500,35",FALSE
564,0,3234,0,0,25,Profesional,"1500,35",FALSE
565,1,1558,1,1,41,Empleado,"1500,35",TRUE
566,1,2664,0,1,68,Independiente,"1500,35",FALSE
567,1,1555,1,1,78,Empleado,"1500,35",TRUE
568,0,1970,0,0,72,Independiente,"1500,35",FALSE
569,0,1535,1,0,50,Independiente,"1500,35",TRUE
570,0,1979,0,0,17,Empresario,"1500,35",FALSE
571,1,1698,0,1,84,Independiente,"1500,35",FALSE
572,0,1524,1,0,49,Profesional,"1500,35",TRUE
573,0,1978,1,0,83,Empleado,"1500,35",TRUE
574,0,1511,1,0,20,Profesional,"1500,35",TRUE
575,1,1501,0,1,22,Independiente,"1500,35",FALSE
576,0,2907,1,0,33,Independiente,"1500,35",TRUE
577,1,1814,0,1,29,Profesional,"1500,35",FALSE
578,0,1564,0,0,65,Independiente,"1500,35",FALSE
579,1,2111,1,1,39,Empleado,"1500,35",TRUE
580,1,3939,0,1,75,Empresario,"1500,35",FALSE
581,0,1902,0,0,33,Empleado,"1500,35",FALSE
582,1,1719,1,1,47,Profesional,"1500,35",TRUE
583,1,3509,0,1,35,Empleado,"1500,35",FALSE
584,0,1906,1,0,68,Empresario,"1500,35",TRUE
585,0,1982,0,0,28,Profesional,"1500,35",FALSE
586,1,2577,0,1,64,Profesional,"1500,35",FALSE
587,1,1807,1,1,52,Independiente,"1500,35",TRUE
588,1,2124,1,1,66,Independiente,"1500,35",TRUE
589,0,1735,0,0,81,Profesional,"1500,35",FALSE
590,1,1783,1,1,85,Profesional,"1500,35",TRUE
591,1,1717,1,1,67,Independiente,"1500,35",TRUE
592,1,2166,0,1,25,Independiente,"1500,35",FALSE
593,1,1850,1,1,26,Independiente,"1500,35",TRUE
594,1,1674,0,1,28,Empleado,"1500,35",FALSE
595,1,1657,0,1,21,Profesional,"1500,35",FALSE
596,0,2092,0,0,150,Empleado,"1500,35",FALSE
597,1,1612,1,1,62,Independiente,"1500,35",TRUE
598,0,1501,0,0,17,Empresario,"1500,35",FALSE
599,1,2210,1,1,30,Profesional,"1500,35",TRUE
600,0,1821,1,0,82,Empleado,"1500,35",TRUE
601,0,1504,1,0,67,Profesional,"1500,35",TRUE
602,1,2272,1,1,18,Empleado,"1500,35",TRUE
603,1,2060,1,1,25,Independiente,"1500,35",TRUE
604,1,1660,0,1,21,Profesional,"1500,35",FALSE
605,1,1676,1,1,85,Empresario,"1500,35",TRUE
606,0,2376,1,0,59,Empresario,"1500,35",TRUE
607,1,1531,0,1,56,Empleado,"1500,35",FALSE
608,0,1500,0,0,16,Independiente,"1500,35",FALSE
609,0,1581,1,0,64,Independiente,"1500,35",TRUE
610,1,1513,1,1,74,Profesional,"1500,35",TRUE
611,1,1605,1,1,73,Empleado,"1500,35",TRUE
612,0,1526,1,0,55,Profesional,"1500,35",TRUE
613,1,1824,0,1,25,Independiente,"1500,35",FALSE
614,0,2168,0,0,53,Empresario,"1500,35",FALSE
615,1,1963,1,1,74,Empleado,"1500,35",TRUE
616,0,3981,0,0,77,Profesional,"1500,35",FALSE
617,0,4317,1,0,26,Independiente,"1500,35",TRUE
618,1,1574,1,1,37,Independiente,"1500,35",TRUE
619,0,2811,1,0,31,Empleado,"1500,35",TRUE
620,0,1967,0,0,35,Profesional,"1500,35",FALSE
621,1,3428,1,1,48,Independiente,"1500,35",TRUE
622,1,2316,0,1,79,Profesional,"1500,35",FALSE
623,1,2807,0,1,22,Empresario,"1500,35",FALSE
624,1,1502,1,1,24,Empresario,"1500,35",TRUE
625,1,1997,1,1,61,Independiente,"1500,35",TRUE
626,0,2903,1,0,32,Empresario,"1500,35",TRUE
627,1,1835,0,1,82,Independiente,"1500,35",FALSE
628,0,1502,0,0,85,Independiente,"1500,35",FALSE
629,0,1611,1,0,61,Independiente,"1500,35",TRUE
630,0,1515,0,0,54,Profesional,"1500,35",FALSE
631,1,4096,1,1,83,Profesional,"1500,35",TRUE
632,1,2382,0,1,60,Independiente,"1500,35",FALSE
633,0,1610,0,0,48,Profesional,"1500,35",FALSE
634,1,1812,0,1,19,Empleado,"1500,35",FALSE
635,0,4204,1,0,43,Independiente,"1500,35",TRUE
636,1,1509,1,1,79,Empleado,"1500,35",TRUE
637,1,3192,1,1,75,Empleado,"1500,35",TRUE
638,0,2055,0,0,21,Empresario,"1500,35",FALSE
639,0,2701,1,0,24,Independiente,"1500,35",TRUE
640,1,1565,0,1,71,Profesional,"1500,35",FALSE
641,0,3375,0,0,46,Empresario,"1500,35",FALSE
642,1,1517,0,1,75,Profesional,"1500,35",FALSE
643,0,2879,1,0,72,Empleado,"1500,35",TRUE
644,1,1579,0,1,16,Independiente,"1500,35",FALSE
645,1,2222,0,1,26,Empleado,"1500,35",FALSE
646,1,2059,1,1,79,Empleado,"1500,35",TRUE
647,0,1702,0,0,76,Independiente,"1500,35",FALSE
648,1,1521,1,1,55,Empresario,"1500,35",TRUE
649,0,1780,0,0,48,Empleado,"1500,35",FALSE
650,0,1571,0,0,41,Independiente,"1500,35",FALSE
651,0,1642,0,0,75,Independiente,"1500,35",FALSE
652,1,1828,0,1,16,Independiente,"1500,35",FALSE
653,1,1866,0,1,79,Independiente,"1500,35",FALSE
654,1,2177,0,1,47,Empresario,"1500,35",FALSE
655,0,1505,0,0,58,Empleado,"1500,35",FALSE
656,0,1714,1,0,37,Empleado,"1500,35",TRUE
657,0,1735,0,0,75,Empresario,"1500,35",FALSE
658,1,1505,0,1,76,Independiente,"1500,35",FALSE
659,0,1511,0,0,51,Empleado,"1500,35",FALSE
660,1,1506,1,1,57,Profesional,"1500,35",TRUE
661,0,1590,0,0,83,Independiente,"1500,35",FALSE
662,1,1882,1,1,49,Profesional,"1500,35",TRUE
663,0,1663,1,0,79,Empresario,"1500,35",TRUE
664,1,1547,0,1,27,Independiente,"1500,35",FALSE
665,1,10206,1,1,55,Empresario,"1500,35",TRUE
666,1,1519,0,1,59,Empleado,"1500,35",FALSE
667,0,1501,1,0,37,Profesional,"1500,35",TRUE
668,0,1776,1,0,73,Empresario,"1500,35",TRUE
669,1,1624,1,1,81,Empleado,"1500,35",TRUE
670,1,1879,0,1,51,Empresario,"1500,35",FALSE
671,1,2172,1,1,22,Independiente,"1500,35",TRUE
672,1,1671,0,1,53,Empleado,"1500,35",FALSE
673,0,2133,1,0,49,Independiente,"1500,35",TRUE
674,1,2611,0,1,76,Empresario,"1500,35",FALSE
675,0,3797,0,0,52,Empleado,"1500,35",FALSE
676,1,2984,1,1,33,Empleado,"1500,35",TRUE
677,1,1693,1,1,56,Profesional,"1500,35",TRUE
678,0,1523,0,0,84,Empleado,"1500,35",FALSE
679,0,1734,1,0,49,Profesional,"1500,35",TRUE
680,0,1772,0,0,70,Empleado,"1500,35",FALSE
681,0,1534,1,0,53,Profesional,"1500,35",TRUE
682,0,2371,0,0,35,Empresario,"1500,35",FALSE
683,0,3131,0,0,58,Empleado,"1500,35",FALSE
684,1,1613,0,1,71,Empleado,"1500,35",FALSE
685,1,2693,1,1,31,Profesional,"1500,35",TRUE
686,0,1711,0,0,67,Empresario,"1500,35",FALSE
687,1,6404,0,1,22,Empleado,"1500,35",FALSE
688,0,3394,1,0,64,Empleado,"1500,35",TRUE
689,1,2852,0,1,29,Empresario,"1500,35",FALSE
690,0,5126,1,0,85,Empleado,"1500,35",TRUE
691,1,1502,1,1,42,Empresario,"1500,35",TRUE
692,1,1507,0,1,30,Profesional,"1500,35",FALSE
693,1,2001,1,1,36,Empresario,"1500,35",TRUE
694,0,4139,0,0,71,Empresario,"1500,35",FALSE
695,0,2308,0,0,20,Independiente,"1500,35",FALSE
696,1,1724,0,1,68,Independiente,"1500,35",FALSE
697,0,2878,1,0,50,Empleado,"1500,35",TRUE
698,0,1960,1,0,42,Profesional,"1500,35",TRUE
699,0,1581,0,0,54,Profesional,"1500,35",FALSE
700,0,1952,0,0,112,Profesional,"1500,35",FALSE
701,0,1596,0,0,53,Empresario,"1500,35",FALSE
702,1,3654,1,1,85,Independiente,"1500,35",TRUE
703,1,1500,1,1,62,Empresario,"1500,35",TRUE
704,1,1501,1,1,61,Profesional,"1500,35",TRUE
705,1,1504,1,1,84,Independiente,"1500,35",TRUE
706,1,1505,0,1,50,Profesional,"1500,35",FALSE
707,0,1859,0,0,78,Empresario,"1500,35",FALSE
708,1,2453,1,1,54,Empresario,"1500,35",TRUE
709,1,1503,1,1,70,Empresario,"1500,35",TRUE
710,1,3851,1,1,58,Independiente,"1500,35",TRUE
711,0,1503,1,0,53,Empresario,"1500,35",TRUE
712,1,1943,0,1,78,Independiente,"1500,35",FALSE
713,0,1858,0,0,19,Empresario,"1500,35",FALSE
714,1,2066,1,1,38,Empleado,"1500,35",TRUE
715,1,1648,1,1,65,Empleado,"1500,35",TRUE
716,0,1580,1,0,80,Profesional,"1500,35",TRUE
717,0,2281,0,0,22,Empresario,"1500,35",FALSE
718,1,1599,0,1,16,Empresario,"1500,35",FALSE
719,1,1540,0,1,35,Empresario,"1500,35",FALSE
720,0,3314,0,0,34,Independiente,"1500,35",FALSE
721,1,3541,1,1,61,Empresario,"1500,35",TRUE
722,0,2210,1,0,80,Empresario,"1500,35",TRUE
723,0,1766,0,0,81,Independiente,"1500,35",FALSE
724,0,1857,1,0,81,Profesional,"1500,35",TRUE
725,0,2414,1,0,55,Profesional,"1500,35",TRUE
726,1,1566,1,1,30,Empleado,"1500,35",TRUE
727,1,1682,1,1,40,Profesional,"1500,35",TRUE
728,0,2246,1,0,57,Empleado,"1500,35",TRUE
729,1,2030,0,1,18,Empresario,"1500,35",FALSE
730,1,1550,0,1,21,Empleado,"1500,35",FALSE
731,1,2377,0,1,57,Profesional,"1500,35",FALSE
732,0,1602,1,0,22,Empleado,"1500,35",TRUE
733,0,1521,0,0,56,Independiente,"1500,35",FALSE
734,0,1506,0,0,72,Independiente,"1500,35",FALSE
735,1,2273,1,1,79,Profesional,"1500,35",TRUE
736,0,1857,0,0,21,Empresario,"1500,35",FALSE
737,0,4084,1,0,43,Empleado,"1500,35",TRUE
738,1,1523,0,1,70,Empleado,"1500,35",FALSE
739,0,1513,1,0,79,Profesional,"1500,35",TRUE
740,0,2169,1,0,67,Empleado,"1500,35",TRUE
741,0,2506,1,0,83,Profesional,"1500,35",TRUE
742,1,1585,0,1,29,Profesional,"1500,35",FALSE
743,1,6444,1,1,83,Profesional,"1500,35",TRUE
744,0,2042,1,0,74,Independiente,"1500,35",TRUE
745,0,2033,0,0,36,Empresario,"1500,35",FALSE
746,0,1537,0,0,70,Empleado,"1500,35",FALSE
747,1,1543,0,1,66,Independiente,"1500,35",FALSE
748,1,2470,0,1,27,Empleado,"1500,35",FALSE
749,1,1543,1,1,20,Independiente,"1500,35",TRUE
750,0,1723,1,0,62,Empleado,"1500,35",TRUE
751,1,1500,1,1,69,Profesional,"1500,35",TRUE
752,0,2360,0,0,84,Independiente,"1500,35",FALSE
753,0,2527,0,0,41,Empresario,"1500,35",FALSE
754,0,1828,0,0,64,Profesional,"1500,35",FALSE
755,0,2696,0,0,16,Profesional,"1500,35",FALSE
756,0,1959,0,0,50,Profesional,"1500,35",FALSE
757,0,1616,0,0,64,Empleado,"1500,35",FALSE
758,1,5982,1,1,49,Profesional,"1500,35",TRUE
759,0,1817,1,0,66,Independiente,"1500,35",TRUE
760,0,1650,1,0,80,Empleado,"1500,35",TRUE
761,1,1583,1,1,22,Independiente,"1500,35",TRUE
762,1,1668,0,1,64,Empresario,"1500,35",FALSE
763,0,1509,1,0,82,Empleado,"1500,35",TRUE
764,1,1503,1,1,19,Empresario,"1500,35",TRUE
765,1,1829,0,1,72,Empleado,"1500,35",FALSE
766,1,2276,0,1,52,Empleado,"1500,35",FALSE
767,0,7474,0,0,28,Profesional,"1500,35",FALSE
768,1,1554,0,1,70,Empleado,"1500,35",FALSE
769,1,4843,0,1,37,Independiente,"1500,35",FALSE
770,0,2623,1,0,33,Profesional,"1500,35",TRUE
771,1,1563,0,1,64,Empleado,"1500,35",FALSE
772,1,1538,0,1,20,Empleado,"1500,35",FALSE
773,0,1527,1,0,27,Profesional,"1500,35",TRUE
774,0,1585,0,0,79,Independiente,"1500,35",FALSE
775,1,2045,1,1,59,Profesional,"1500,35",TRUE
776,0,1662,0,0,85,Independiente,"1500,35",FALSE
777,0,2584,1,0,50,Empresario,"1500,35",TRUE
778,0,1634,0,0,24,Independiente,"1500,35",FALSE
779,0,1966,0,0,62,Empresario,"1500,35",FALSE
780,0,2566,0,0,30,Independiente,"1500,35",FALSE
781,0,1520,0,0,38,Empleado,"1500,35",FALSE
782,1,1512,0,1,60,Empleado,"1500,35",FALSE
783,1,2309,1,1,53,Empresario,"1500,35",TRUE
784,1,1500,0,1,47,Profesional,"1500,35",FALSE
785,0,4261,0,0,60,Empleado,"1500,35",FALSE
786,1,2712,1,1,20,Empleado,"1500,35",TRUE
787,1,1594,1,1,43,Empleado,"1500,35",TRUE
788,1,1983,1,1,57,Empleado,"1500,35",TRUE
789,1,1510,0,1,81,Independiente,"1500,35",FALSE
790,1,1585,0,1,22,Profesional,"1500,35",FALSE
791,0,1521,0,0,58,Empleado,"1500,35",FALSE
792,0,2657,0,0,62,Empresario,"1500,35",FALSE
793,0,1507,1,0,74,Empleado,"1500,35",TRUE
794,0,1651,0,0,74,Empleado,"1500,35",FALSE
795,1,1509,1,1,61,Independiente,"1500,35",TRUE
796,1,1918,1,1,24,Empleado,"1500,35",TRUE
797,1,2146,0,1,39,Independiente,"1500,35",FALSE
798,0,1519,0,0,77,Empleado,"1500,35",FALSE
799,1,1868,0,1,44,Profesional,"1500,35",FALSE
800,0,1663,1,0,83,Empleado,"1500,35",TRUE
801,1,1517,0,1,35,Independiente,"1500,35",FALSE
802,1,3105,1,1,53,Empleado,"1500,35",TRUE
803,1,4097,1,1,26,Profesional,"1500,35",TRUE
804,0,1531,0,0,37,Empresario,"1500,35",FALSE
805,0,3095,1,0,75,Empresario,"1500,35",TRUE
806,0,1524,0,0,54,Empleado,"1500,35",FALSE
807,0,2430,1,0,47,Empleado,"1500,35",TRUE
808,1,2522,1,1,46,Empleado,"1500,35",TRUE
809,1,1647,0,1,46,Empresario,"1500,35",FALSE
810,0,2142,0,0,85,Profesional,"1500,35",FALSE
811,1,1712,0,1,48,Empleado,"1500,35",FALSE
812,1,2128,1,1,81,Independiente,"1500,35",TRUE
813,0,1575,0,0,17,Profesional,"1500,35",FALSE
814,1,2755,0,1,54,Profesional,"1500,35",FALSE
815,1,3545,1,1,46,Empresario,"1500,35",TRUE
816,0,1503,0,0,37,Profesional,"1500,35",FALSE
817,1,1795,1,1,46,Empleado,"1500,35",TRUE
818,0,2488,1,0,82,Independiente,"1500,35",TRUE
819,1,1681,1,1,50,Independiente,"1500,35",TRUE
820,1,1500,0,1,45,Empleado,"1500,35",FALSE
821,1,2329,1,1,37,Empleado,"1500,35",TRUE
822,0,2840,1,0,46,Empresario,"1500,35",TRUE
823,1,1612,1,1,18,Independiente,"1500,35",TRUE
824,0,1565,0,0,68,Independiente,"1500,35",FALSE
825,0,3780,1,0,21,Profesional,"1500,35",TRUE
826,0,2254,0,0,16,Empleado,"1500,35",FALSE
827,1,2148,1,1,46,Profesional,"1500,35",TRUE
828,1,1741,1,1,61,Profesional,"1500,35",TRUE
829,0,1612,1,0,59,Independiente,"1500,35",TRUE
830,1,1504,0,1,63,Independiente,"1500,35",FALSE
831,0,3072,1,0,43,Independiente,"1500,35",TRUE
832,1,1517,0,1,26,Empresario,"1500,35",FALSE
833,1,3386,0,1,74,Empleado,"1500,35",FALSE
834,0,2318,0,0,51,Profesional,"1500,35",FALSE
835,0,2891,0,0,36,Profesional,"1500,35",FALSE
836,1,1536,0,1,73,Empleado,"1500,35",FALSE
837,1,1841,0,1,40,Empresario,"1500,35",FALSE
838,1,1500,1,1,61,Profesional,"1500,35",TRUE
839,1,2278,1,1,46,Empleado,"1500,35",TRUE
840,0,1553,1,0,32,Independiente,"1500,35",TRUE
841,0,1500,0,0,65,Independiente,"1500,35",FALSE
842,0,2551,0,0,31,Empleado,"1500,35",FALSE
843,1,2140,1,1,20,Empresario,"1500,35",TRUE
844,1,1681,1,1,72,Independiente,"1500,35",TRUE
845,1,3013,1,1,42,Independiente,"1500,35",TRUE
846,1,1735,0,1,65,Profesional,"1500,35",FALSE
847,0,1611,0,0,17,Independiente,"1500,35",FALSE
848,1,1528,1,1,75,Profesional,"1500,35",TRUE
849,0,1502,0,0,76,Independiente,"1500,35",FALSE
850,1,1582,1,1,84,Independiente,"1500,35",TRUE
851,1,1854,1,1,77,Empresario,"1500,35",TRUE
852,0,1966,1,0,82,Independiente,"1500,35",TRUE
853,1,2711,0,1,77,Empresario,"1500,35",FALSE
854,1,3445,1,1,25,Empresario,"1500,35",TRUE
855,0,1775,1,0,25,Profesional,"1500,35",TRUE
856,0,2086,1,0,75,Empresario,"1500,35",TRUE
857,1,2807,0,1,63,Profesional,"1500,35",FALSE
858,0,1511,0,0,67,Empleado,"1500,35",FALSE
859,1,2754,0,1,46,Independiente,"1500,35",FALSE
860,0,1513,0,0,74,Profesional,"1500,35",FALSE
861,0,1500,0,0,73,Independiente,"1500,35",FALSE
862,1,2632,0,1,71,Independiente,"1500,35",FALSE
863,1,1726,1,1,67,Empleado,"1500,35",TRUE
864,1,2877,1,1,69,Empleado,"1500,35",TRUE
865,0,1809,0,0,45,Profesional,"1500,35",FALSE
866,0,1608,0,0,83,Empresario,"1500,35",FALSE
867,0,2473,1,0,83,Independiente,"1500,35",TRUE
868,1,1545,0,1,39,Empresario,"1500,35",FALSE
869,1,1504,0,1,28,Empleado,"1500,35",FALSE
870,0,1952,1,0,30,Profesional,"1500,35",TRUE
871,0,1966,1,0,79,Empleado,"1500,35",TRUE
872,1,1709,1,1,44,Empresario,"1500,35",TRUE
873,1,2244,1,1,36,Empresario,"1500,35",TRUE
874,0,1504,0,0,69,Empleado,"1500,35",FALSE
875,0,3986,1,0,60,Empresario,"1500,35",TRUE
876,1,1548,0,1,56,Empresario,"1500,35",FALSE
877,1,3621,1,1,21,Empresario,"1500,35",TRUE
878,1,3059,1,1,46,Profesional,"1500,35",TRUE
879,1,1772,1,1,69,Empleado,"1500,35",TRUE
880,0,1560,1,0,20,Empresario,"1500,35",TRUE
881,0,1829,0,0,82,Empleado,"1500,35",FALSE
882,0,1537,1,0,37,Empleado,"1500,35",TRUE
883,1,2241,0,1,52,Empleado,"1500,35",FALSE
884,0,1657,0,0,60,Empresario,"1500,35",FALSE
885,0,1967,1,0,26,Independiente,"1500,35",TRUE
886,1,1611,1,1,30,Empresario,"1500,35",TRUE
887,1,1535,0,1,72,Independiente,"1500,35",FALSE
888,1,1542,1,1,28,Independiente,"1500,35",TRUE
889,0,1506,0,0,30,Empresario,"1500,35",FALSE
890,1,1577,0,1,31,Empleado,"1500,35",FALSE
891,1,4592,1,1,34,Profesional,"1500,35",TRUE
892,0,1501,0,0,16,Profesional,"1500,35",FALSE
893,0,1847,0,0,58,Profesional,"1500,35",FALSE
894,0,1761,0,0,42,Independiente,"1500,35",FALSE
895,0,1762,0,0,17,Independiente,"1500,35",FALSE
896,1,1538,1,1,60,Empresario,"1500,35",TRUE
897,1,5392,0,1,27,Independiente,"1500,35",FALSE
898,0,1857,1,0,49,Independiente,"1500,35",TRUE
899,0,1594,0,0,84,Empleado,"1500,35",FALSE
900,1,1512,1,1,68,Independiente,"1500,35",TRUE
901,0,2078,1,0,64,Empresario,"1500,35",TRUE
902,1,1915,1,1,83,Independiente,"1500,35",TRUE
903,0,1517,1,0,85,Independiente,"1500,35",TRUE
904,0,1626,0,0,61,Empresario,"1500,35",FALSE
905,1,1654,0,1,17,Profesional,"1500,35",FALSE
906,0,3335,1,0,55,Empresario,"1500,35",TRUE
907,0,1800,0,0,25,Empresario,"1500,35",FALSE
908,0,1501,1,0,71,Profesional,"1500,35",TRUE
909,1,1743,1,1,81,Profesional,"1500,35",TRUE
910,0,2024,0,0,29,Empresario,"1500,35",FALSE
911,0,2026,1,0,77,Profesional,"1500,35",TRUE
912,0,1543,0,0,35,Empleado,"1500,35",FALSE
913,1,1634,0,1,17,Empresario,"1500,35",FALSE
914,0,2190,0,0,69,Profesional,"1500,35",FALSE
915,1,3436,1,1,47,Empleado,"1500,35",TRUE
916,0,3913,0,0,59,Profesional,"1500,35",FALSE
917,1,1676,0,1,33,Profesional,"1500,35",FALSE
918,1,1642,1,1,30,Independiente,"1500,35",TRUE
919,0,2087,0,0,28,Empresario,"1500,35",FALSE
920,0,1547,1,0,72,Profesional,"1500,35",TRUE
921,0,6232,0,0,47,Empleado,"1500,35",FALSE
922,1,1785,1,1,26,Independiente,"1500,35",TRUE
923,0,1849,1,0,64,Empleado,"1500,35",TRUE
924,1,2081,0,1,32,Empresario,"1500,35",FALSE
925,1,2372,0,1,45,Empleado,"1500,35",FALSE
926,1,1503,1,1,71,Independiente,"1500,35",TRUE
927,0,1549,1,0,51,Empleado,"1500,35",TRUE
928,1,3041,1,1,64,Empresario,"1500,35",TRUE
929,1,1525,1,1,85,Independiente,"1500,35",TRUE
930,1,1632,0,1,65,Profesional,"1500,35",FALSE
931,1,1626,0,1,30,Empresario,"1500,35",FALSE
932,0,1567,1,0,39,Empleado,"1500,35",TRUE
933,0,1514,0,0,43,Empresario,"1500,35",FALSE
934,0,3707,0,0,40,Empresario,"1500,35",FALSE
935,0,1901,0,0,53,Empresario,"1500,35",FALSE
936,1,2139,0,1,62,Empleado,"1500,35",FALSE
937,0,1695,1,0,75,Empresario,"1500,35",TRUE
938,1,3241,0,1,61,Profesional,"1500,35",FALSE
939,1,2912,0,1,66,Profesional,"1500,35",FALSE
940,0,3025,0,0,40,Independiente,"1500,35",FALSE
941,0,1589,1,0,79,Empleado,"1500,35",TRUE
942,1,5993,0,1,64,Independiente,"1500,35",FALSE
943,1,3398,1,1,72,Independiente,"1500,35",TRUE
944,0,1538,1,0,71,Empresario,"1500,35",TRUE
945,1,1543,1,1,43,Profesional,"1500,35",TRUE
946,0,3596,0,0,22,Independiente,"1500,35",FALSE
947,0,1500,1,0,69,Empleado,"1500,35",TRUE
948,1,4145,0,1,40,Profesional,"1500,35",FALSE
949,1,3542,1,1,74,Empleado,"1500,35",TRUE
950,1,1697,0,1,80,Empleado,"1500,35",FALSE
951,1,1541,0,1,58,Empleado,"1500,35",FALSE
952,0,1793,1,0,84,Empleado,"1500,35",TRUE
953,0,3112,0,0,55,Empleado,"1500,35",FALSE
954,0,2478,1,0,48,Empleado,"1500,35",TRUE
955,0,1739,1,0,22,Profesional,"1500,35",TRUE
956,0,1541,0,0,25,Independiente,"1500,35",FALSE
957,0,3222,1,0,40,Empresario,"1500,35",TRUE
958,1,2046,1,1,21,Empresario,"1500,35",TRUE
959,0,1752,1,0,60,Independiente,"1500,35",TRUE
960,1,1568,0,1,60,Independiente,"1500,35",FALSE
961,1,1588,0,1,17,Independiente,"1500,35",FALSE
962,1,1555,1,1,47,Profesional,"1500,35",TRUE
963,0,1966,1,0,19,Empleado,"1500,35",TRUE
964,0,1716,0,0,65,Independiente,"1500,35",FALSE
965,0,1557,0,0,78,Independiente,"1500,35",FALSE
966,0,1500,1,0,51,Profesional,"1500,35",TRUE
967,1,1673,0,1,52,Profesional,"1500,35",FALSE
968,0,1595,1,0,47,Independiente,"1500,35",TRUE
969,0,2884,1,0,64,Empleado,"1500,35",TRUE
970,0,1625,0,0,17,Profesional,"1500,35",FALSE
971,1,1521,0,1,59,Independiente,"1500,35",FALSE
972,1,2471,1,1,47,Empresario,"1500,35",TRUE
973,0,1584,0,0,46,Independiente,"1500,35",FALSE
974,0,2533,1,0,23,Profesional,"1500,35",TRUE
975,1,1519,1,1,45,Independiente,"1500,35",TRUE
976,0,1521,1,0,73,Profesional,"1500,35",TRUE
977,1,2550,0,1,52,Empleado,"1500,35",FALSE
978,0,1653,1,0,24,Profesional,"1500,35",TRUE
979,1,1639,1,1,68,Profesional,"1500,35",TRUE
980,1,1526,0,1,83,Empleado,"1500,35",FALSE
981,0,1747,0,0,28,Independiente,"1500,35",FALSE
982,1,2075,0,1,60,Profesional,"1500,35",FALSE
983,0,1569,0,0,22,Empresario,"1500,35",FALSE
984,0,3465,0,0,42,Independiente,"1500,35",FALSE
985,0,1550,0,0,45,Independiente,"1500,35",FALSE
986,0,2103,0,0,57,Profesional,"1500,35",FALSE
987,0,1531,1,0,19,Independiente,"1500,35",TRUE
988,1,1902,0,1,21,Independiente,"1500,35",FALSE
989,0,1972,0,0,74,Independiente,"1500,35",FALSE
990,0,1509,0,0,58,Empleado,"1500,35",FALSE
991,1,1718,0,1,27,Empleado,"1500,35",FALSE
992,1,2471,0,1,33,Empleado,"1500,35",FALSE
993,1,1877,0,1,35,Empleado,"1500,35",FALSE
994,1,1500,1,1,41,Empleado,"1500,35",TRUE
995,0,2039,1,0,71,Empleado,"1500,35",TRUE
996,1,1512,1,1,37,Empleado,"1500,35",TRUE
997,0,2760,1,0,39,Empleado,"1500,35",TRUE
998,1,1578,1,1,40,Empresario,"1500,35",TRUE
999,0,1502,0,0,24,Independiente,"1500,35",FALSE
1000,1,1619,1,1,75,Profesional,"1500,35",TRUE
